<?xml version="1.0" encoding="UTF-8" standalone="yes"?>
<addon id="repository.jabdes" name="Jabdes Wizard Repo" version="1.0.0" provider-name="JabDesign">
	<extension point="xbmc.addon.repository" name="Jabdes Repo">
		<dir>
			<info compressed="false">https://raw.githubusercontent.com/jaldoyn/jabdes/main/repo/zips/addons.xml</info>
			<checksum>https://raw.githubusercontent.com/jaldoyn/jabdes/main/repo/zips/addons.xml.md5</checksum>
			<datadir zip="true">https://raw.githubusercontent.com/jaldoyn/jabdes/main/repo/zips/</datadir>
		</dir>
	</extension>
	<extension point="xbmc.addon.metadata">
		<summary lang="en">Jabdes Wizard Repo</summary>
		<description lang="en">A Simple Configuration Wizard for Kodi</description>
		<disclaimer></disclaimer>
		<platform>all</platform>
		<assets>
				<icon>icon.png</icon>
				<fanart>fanart.jpg</fanart>
		</assets>
	</extension>
</addon>