<?xml version="1.0" encoding="UTF-8" standalone="yes"?>
<addon id="plugin.program.jabdeswizard" name="[COLOR limegreen]Jabdes[/COLOR]Wizard" version="1.0.0" provider-name="drinfernoo">
    <requires>
        <import addon="xbmc.python" version="2.1.0" />
        <import addon="script.module.requests" />
        <import addon="script.module.six" />
        <import addon="script.kodi.android.update" optional="true" version="1.1.7" />
    </requires>
    
    <extension point="xbmc.python.pluginsource" library="default.py">
        <provides>executable</provides>
    </extension>
    
    <extension point="xbmc.service" library="startup.py" start="startup" />
    
    <extension point="xbmc.addon.metadata">
        <summary lang="en">[COLOR limegreen]Jabdes[/COLOR]Wizard</summary>
        <description lang="en">[COLOR limegreen]Jabdes[/COLOR]Wizard offers automated build installs.</description>
        <platform>all</platform>
        <reuselanguageinvoker>false</reuselanguageinvoker>
        <source>https://jaldoyn.github.io/jabdes/repo/plugin.program.jabdeswizard</source>
        <news>
1.0.0
 - Initial Commit
        </news>
        <assets>
            <icon>icon.png</icon>
            <fanart>fanart.jpg</fanart>
        </assets>
    </extension>
</addon>
