<?xml version="1.0" encoding="UTF-8" standalone="yes"?>
<addon id="repository.jabdes" name="Jabdes Wizard Repo" version="1.0.0" provider-name="JabDesign">
	<extension point="xbmc.addon.repository" name="Name you want to appear in Kodi">
		<dir>
			<info compressed="false">http://jabbuilds.lovestoblog.com/jabdes/repo/addons.xml</info>
			<checksum>http://jabbuilds.lovestoblog.com/jabdes/repo/addons.xml.md5</checksum>
			<datadir zip="true">http://jabbuilds.lovestoblog.com/jabdes/repo/zips</datadir>
		</dir>
	</extension>
	<extension point="xbmc.addon.metadata">
		<summary lang="en"></summary>
		<description lang="en"></description>
		<genre></genre>
	</extension>
</addon>