<?xml version="1.0" encoding="UTF-8" standalone="yes"?>
<addon id="repository.jabdesbuilds" name="jabdesbuilds" version="1.0" provider-name="jabdesbuilds">
    <extension point="xbmc.addon.repository" name="jabdesbuilds repository">
        <dir>
            <info compressed="false">https://jaldoyn.github.io/jabdes/repo/zips/addons.xml</info>
            <checksum>https://jaldoyn.github.io/jabdes/repo/zips/addons.xml.md5</checksum>
            <datadir zip="true">https://jaldoyn.github.io/jabdes/repo/zips/</datadir>
        </dir>
    </extension>
    <extension point="xbmc.addon.metadata">
        <summary>jabdesbuilds</summary>
        <description>jabdesbuilds repository</description>
        <disclaimer></disclaimer>
        <platform>all</platform>
        <assets>
            <icon>https://jaldoyn.github.io/jabdes/repo/builds/icon-repo.png</icon>
            <fanart>https://jaldoyn.github.io/jabdes/repo/builds/fanart.jpg</fanart>
        </assets>
    </extension>
</addon>