<?xml version="1.0" encoding="UTF-8" standalone="yes"?>
<addon id="plugin.program.jabdeswizard" name="[COLOR limegreen][B]Jabdes[/B][/COLOR]Wizard" version="1.0" provider-name="jabdesigns">
    <requires>
        <import addon="xbmc.python" version="3.0.0" allowed-versions="3.0.0"/>
        <import addon="script.module.requests" />
        <import addon="script.module.six" />
    </requires>
    
    <extension point="xbmc.python.pluginsource" library="default.py">
        <provides>executable</provides>
    </extension>
    
    <extension point="xbmc.service" library="startup.py" start="startup" />
    
    <extension point="xbmc.addon.metadata">
        <summary lang="en">[COLOR limegreen][B]Jabdes[/B][/COLOR]Wizard</summary>
        <description lang="en">Wizard offers many maintenance features, selective add-on data saving, and automated build installs.</description>
        <platform>all</platform>
        <reuselanguageinvoker>false</reuselanguageinvoker>
        <source>https://jaldoyn.github.io/jabdes/repo/</source>
        <news>
        1.0.0
         - Initial Commit
        </news>
        <assets>
            <icon>icon.png</icon>
            <fanart>fanart.jpg</fanart>
        </assets>
    </extension>
</addon>
